{
  "function": "numpy.fft.fftfreq",
  "ferray_function": "ferray_fft::fftfreq",
  "test_cases": [
    {
      "name": "n8_d1.0",
      "inputs": {
        "n": 8,
        "d": 1.0
      },
      "expected": {
        "data": [
          0.0,
          0.125,
          0.25,
          0.375,
          -0.5,
          -0.375,
          -0.25,
          -0.125
        ],
        "shape": [
          8
        ],
        "dtype": "float64"
      },
      "tolerance_ulps": 0
    },
    {
      "name": "n8_d0.5",
      "inputs": {
        "n": 8,
        "d": 0.5
      },
      "expected": {
        "data": [
          0.0,
          0.25,
          0.5,
          0.75,
          -1.0,
          -0.75,
          -0.5,
          -0.25
        ],
        "shape": [
          8
        ],
        "dtype": "float64"
      },
      "tolerance_ulps": 0
    },
    {
      "name": "n7_d1.0",
      "inputs": {
        "n": 7,
        "d": 1.0
      },
      "expected": {
        "data": [
          0.0,
          0.14285714285714285,
          0.2857142857142857,
          0.42857142857142855,
          -0.42857142857142855,
          -0.2857142857142857,
          -0.14285714285714285
        ],
        "shape": [
          7
        ],
        "dtype": "float64"
      },
      "tolerance_ulps": 0
    },
    {
      "name": "n16_d1.0",
      "inputs": {
        "n": 16,
        "d": 1.0
      },
      "expected": {
        "data": [
          0.0,
          0.0625,
          0.125,
          0.1875,
          0.25,
          0.3125,
          0.375,
          0.4375,
          -0.5,
          -0.4375,
          -0.375,
          -0.3125,
          -0.25,
          -0.1875,
          -0.125,
          -0.0625
        ],
        "shape": [
          16
        ],
        "dtype": "float64"
      },
      "tolerance_ulps": 0
    }
  ]
}